question,topic
did you know that dogs have 12 different blood types?,Pets_Animals
do you ever watch shows on netflix?,Movies_TV
did you know the drive thru was invented in 1975?,Other
do you know what the highest scoring football game was?,Sports
do you like watching baseball?,Sports
do you shop in amazon?,Other
have you ever played a virtual reality game?,Games
have you watched iron man?,Movies_TV
do you sense that we now have a space race among private companies?,Other
do you like colorful clothing?,Other
have you ever been to a concert?,Art_Event
do you enjoy poetry?,Literature
did you see that kanye is having another kid?,Celebrities
have you ever made a  car rental mistake?,SciTech
do you follow politics and the president?,Politics
do you like pomegranate?,Food_Drink
do you have an interest in politics?,Politics
did you hear that disney wants to buy 21st century fox?,Entertainment
are you a comedy fan?,Phatic
are you particularly interested in comedies?,Phatic
are you a fan of baseball?,Sports
do you know much about the box office?,Movies_TV
do you like nba?,Sports
did you know that the iphone has more computing power than a us nuclear icbm deterrent?,SciTech
di you shop online?,Other
do you know there are at least 2 trillion galaxies in the observable universe?,SciTech
do you like radio programs?,Phatic
are you a fan of the nintendo system?,SciTech
did you know that the seahorse is the only fish that is known to also have a neck?,Pets_Animals
are you a football fan?,Sports
have you ever visited a summit before?,Religion
do you like tom cruise?,Music
did you know some actors make in excess of 700000?,Movies_TV
what do you think of the paleo diet for kids?,Food_Drink
do you like rock music?,Music
how many teams are in the national football league?,Sports
do you watch netflix much?,Phatic
which do you like more?,Phatic
so how do you feel about drake the musician?,Music
do you enjoy comedy?,Movies_TV
do you like to dance?,Entertainment
what are your thoughts on this?,Celebrities
do you like tv?,Movies_TV
do you enjoy dance?,Entertainment
are you a big reader?,Travel_Geo
do you know much about daft punk?,Music
i seem to interact with it every day?,SciTech
are you a big redskins fan by chance?,Sports
do you know tom brady was once a backup quarterback on his high school football team?,Sports
do you like to read much?,Phatic
do you watch wrestling?,Sports
did you play the original nintendo as a kid?,Games
are you a fan of taylor swift?,Art_Event
did you know there is an episode of the simpsons that bart is not in and is not mentioned in?,Movies_TV
are you a dog fan like google?,Pets_Animals
do you attend concerts?,Art_Event
do you play the piano?,Music
do you know any interesting facts about the presidents?,Movies_TV
do you like pets?,Celebrities
what are your thoughts?,Celebrities
are you a fan of tv shows?,Movies_TV
what do you think?,Phatic
do you use the computer much?,SciTech
do you know who won the djokovic and nadal match at wimbledon in 2018?,Sports
do you like the fox news channel?,News
do you think he can become the best nba player?,Sports
have you ever watched house?,Movies_TV
do you watch much football at all?,Sports
did you know that pilgrims actually wore colorful cloths?,Other
what are your interests?,Phatic
do you like to dance ?,Entertainment
are you interested in or do you use computers?,SciTech
do you like listening to radio ?,Music
have you heard of david grubbs before?,Celebrities
do you like nfl football?,Sports
but have you heard about its uses in the educational revolution?,Politics
did you do anything special on the latest mlk day?,Other
do you watch much tv these days?,Movies_TV
have you heard of do nguyen mai khoi?,Phatic
do u like basketball?,Sports
do you believe that humans are the best distance runners among all animals?,Pets_Animals
my friend do you like the company amazon?,Other
much of a baseball fan?,Sports
what do you browse online?,SciTech
do you watch much baseball?,Sports
do you follow the miss america contest?,Art_Event
do you like to laugh?,Phatic
do you like star trek?,Phatic
what do you think about lane lambert and the peculiar day of the wedding?,Art_Event
do you watch basketball?,Sports
did you know the only fish to have a neck is the seahorse?,Pets_Animals
do you still listen to albums?,Music
how do you get your news?,News
did you know that there is a planet where shards of glass precipitate sideways at 4500mph and temperatures are up to 2000 degrees f?,SciTech
do you happen to have a pet?,Pets_Animals
do you enjoy watching tv shows?,Movies_TV
fi novel on the reading list of 3 of 5 branches of our military?,Literature
are you a fan of lady gaga?,Celebrities
do you listen to spotify?,Music
are you familiar with kellyanne conway?,Phatic
do you like to go to the gym?,Sports
are you a fan of football?,Sports
did you watch the incredible 2?,Movies_TV
are you a twitter user?,SciTech
do you fear that you have mold where you live ?,Psychology
do you use amazon ?,Other
do you truly believe aliens exist?,Phatic
did you know there is a 3g internet tower at the top of everest?,Other
have you heard of kevin durant?,Sports
have you ever seen the film wonder woman?,Movies_TV
do you know much about the government?,Politics
did you know reading is the complex cognitive process of decoding symbols such as letters to get a meaning?,Psychology
do you watch much television?,Movies_TV
do you like art?,Art_Event
are you familiar with walt disney?,Entertainment
did you know in most of the world hockey refers to field hockey and not ice hockey?,Sports
are you a big fan of animals?,Pets_Animals
do you have kids that watch sesame street?,Music
have you seen the movie the incredibles 2?,Movies_TV
do you follow fifa that governs the world cup?,Sports
do you listen to music much and do you have a favorite album?,Music
isn't it amazing how a telephone works to permit two or more people to communicate?,Politics
have you heard of chelsea hodson before?,Sports
do you enjoy walking dogs?,Pets_Animals
do you play any chess?,Games
do you watch many dramas on tv?,Movies_TV
are you a big fan of watching basketball?,Sports
do you travel often?,Travel_Geo
do you know how the top grossing actor world wide is?,Movies_TV
are you a lebron fan?,Phatic
do you know kim kardashian?,Celebrities
do you like to watch comedies?,Movies_TV
are you aware of the music genre called jazz?,Music
do you use the phone much?,Celebrities
have you heard of quantum computers?,SciTech
do you like to watch soccer?,Sports
do you like dramatic movies?,Movies_TV
are you a dog or a cat person?,Pets_Animals
what do you enjoy doing?,Phatic
do you know if craig t nelson is still doing the voice over for the dad in incredibles 2?,Celebrities
do you like to watch netflix?,Phatic
are you a game of thrones fan?,Games
do you remember elvis presley?,Music
are you aware of banned books week?,Literature
do you think great broadcasters are important to sports games?,Games
are you a big music fan?,Music
do you have a favorite kind of shoe?,Movies_TV
did you know that watching a horror movie can burn up to 180 calories?,Movies_TV
are you an ariana grande fan?,Sports
do you play golf?,Sports
are you a big fan of football?,Sports
have you seen the movie solaris?,Movies_TV
do you read comic books?,Phatic
who did kanye west speak with at msnbc?,Celebrities
do you enjoy listening to the radio?,Music
did you know in parliamentary republics the role of president is largely ceremonial?,Politics
do you know dierks bently?,Music
when was the film black panther released?,Other
did you know that the sun is actually white?,SciTech
do you enjoy any type of hobbies or entertainment?,Entertainment
do you know who the top 3 wealthiest presidents were?,Politics
have you heard about central high school?,SciTech
do you like horror movies?,Movies_TV
are you much of a football fan?,Sports
did you watch the super bowl this year?,Sports
did you hear that scott kelly had 7 percent of his genes that did not return to normal after his long stint in space?,Other
what do you think about the lakers signing michael beasley?,Sports
have you ever spent money on lottery tickets?,Art_Event
do you like to drive?,Music
did you know u2 was once introduced as a country music band?,Music
do you use the internet often?,Phatic
what did you think about ariana grande and pete davidson splitting up?,Sports
are you a fan of comedies?,Phatic
do you follow lebron james much in the nba?,Sports
my friend do you like the nintendo entertainment system?,Entertainment
what'd you think of colbert's explanation of god?,Religion
do you enjoy entertainment such as dramas or concerts?,Entertainment
do you ever watch girls soccer?,Sports
are you a country music fan?,Music
are you a fan of the music of drake?,Music
do you know anything about the congress?,Travel_Geo
do you like the piano?,Music
do you use netflix?,Phatic
how much do you know about american football?,Sports
do you like rap?,Music
do you watch the sky?,Movies_TV
do you like association football?,Sports
do you have children that watch youtube?,SciTech
what entertainment do you like?,Entertainment
have you ever heard of the dog days of summer?,Pets_Animals
do you play american football at all?,Sports
do you follow the nba at all?,Sports
are you a republican?,Politics
smith's celebration after the 2016 nba finals?,Sports
are you a fan of concerts?,Art_Event
do you like to shop at amazon?,Other
are you a dog person?,Pets_Animals
what do you think about the novel literature prize being cancelled this year?,Art_Event
do you like drake as a singer?,Music
do you travel a lot?,Travel_Geo
have you ever watched westworld?,Movies_TV
you a big natalie portman fan?,Celebrities
have you been following the michael cohen and mueller media circus?,Celebrities
do you like jazz ?,Sports
do you rap or dance?,Entertainment
do you play any instruments like the guitar or piano?,Music
do you use the library much?,Travel_Geo
have you ever seen the show the walking dead before?,Movies_TV
does basketball hold much interest for you?,Sports
did you know that facebook's like button is illegal in part of germany?,Politics
do you have a dog or do you like dogs?,Pets_Animals
do you like to go to concerts?,Art_Event
did you know that jupiter has radio storms so strong that you can actually hear them by am radio?,SciTech
do you go to many concerts?,Art_Event
have you ever heard any of brent cobb's music?,Music
do you watch a lot of news channels?,News
do you know how to play the guitar?,Music
do you still get a chance to listen to the radio?,Music
do you play any instruments?,SciTech
did you know the richest superhero is black panther?,Other
are you a fan of animal books?,Pets_Animals
do you wear hats?,Phatic
did you know audio cassettes albums began in the 1970s?,Music
do you have an apple computer?,SciTech
do you attend meetings?,Art_Event
what are your thoughts about television?,Movies_TV
do you have a favorite celebrity?,Celebrities
did you hear about that serial killer shawn grate?,Other
did you know that the sun is a star at the center of the solar system?,SciTech
what would you do if you found a baby tiger inside of a duffel bag?,Pets_Animals
how do you feel about shoes?,Fashion
do you know why they call the trench of a car a trunk?,SciTech
what do you think of wikileaks?,Phatic
what is with these ridiculous challenges that people do?,Psychology
do you follow celebrities much?,Religion
have you ever seen it?,Music
what do you think about el chapo?,Politics
are a patron of the live arts?,Religion
the inventor of the hoveround over the usage of his name?,Other
do you like the houston rockets?,Sports
the white house is a place with a lot of history dont you think?,Other
did you know that chickens were originally bred for entertainment and not food in britain?,Food_Drink
did you hear about that instagram post about that student in texas?,SciTech
are you a fan of tennis?,Sports
how's it going today?,Weather_Time
are you a fan of lebron james?,Sports
do you like the radio?,Music
fox news is a great channel do you watch it?,News
well lena dunham has a history of interesting comments doesn't she?,Other
do you have your own car?,SciTech
or can you play it?,Phatic
why do i need to know about cardi b being pregnant?,Other
do you like the avengers?,Music
do you ever buy from amazon?,Other
what do you think about football?,Sports
are you a fan of baseball by any chance?,Sports
have you been to the museum of natural history before?,Art_Event
are you a fan of dogs?,Pets_Animals
have you been to san francisco before?,Travel_Geo
did you hear about the baseball player who died in wwi?,Sports
did you follow bill cosby's trial?,Celebrities
do you know much about the congress?,Travel_Geo
do you attend many music concerts?,Music
are you a model?,Travel_Geo
do you know much about presidents?,Movies_TV
are you a fan of superheros?,Phatic
did you hear about the duke ellington scandal by the way?,Music
do you follow the nfl?,Sports
have you heard of the author laurie halse anderson?,Literature
have you ever rented a car before?,SciTech
did you know it's possible to make a radio with a razorblade and pencil?,Music
my friend do you have netflix by chance?,Other
do you know much about mars?,SciTech
did you hear about that canadian billionaire and his wife that was murdered?,Politics
do you follow kylie jenner?,Phatic
do you ever get crabgrass on your lawn?,Phatic
did you know karl benz was the first person to patent the car?,SciTech
did you know richard nixon cracked the us senate gavel after being used for 165 years?,Politics
what do you do for fun?,Phatic
do you know how to play the piano?,Music
did you know you can pet penguins at the maryland zoo?,Pets_Animals
are you into poetry?,Literature
do you have a car by chance?,SciTech
did you happen to watch the awards?,Movies_TV
do you happen to play fantasy football?,Sports
ever drove a tesla?,SciTech
do you like sports?,Sports
have you watched the show ozark?,Movies_TV
have you watched the series black lighting?,Other
did you see the winning submission for the mars constest sponsored by nasa?,SciTech
do you like adele?,Music
do you know who dennis rodman is?,Celebrities
do you follow the nba and have a favorite team out of the 30 that play?,Sports
are you a chris rock fan?,Celebrities
do you like nature and animals?,Pets_Animals
are you a fan of eli manning?,Sports
are you a fan of any sports?,Sports
do you like comic books and are you a fan of stan lee?,Literature
did you know trump isn't the wealthiest president ever?,Politics
aren't you gald the mid terms are over?,Psychology
my friend do you watch fox news at all?,News
do you happen to know about the murder of barry and honey sherman?,Literature
do you like going to concerts?,Art_Event
are you a fan of football by any chance?,Sports
or know much about hockey?,Sports
do you enjoy listening to albums?,Phatic
do you enjoy classical music?,Music
are you an amazon prime member?,Other
what's your opinion on tennis?,Games
are you interested in politics?,Politics
do you like walt disney pictures?,Entertainment
did you watch the academy awards?,Art_Event
do you know much about politics in general?,Politics
are you fan of gruden and the raiders?,Sports
are you a big hip hop fan?,Music
are you a big fan of sports at all?,Sports
did you know that the white house is smaller than its guest house somehow?,Other
who was stephen colbert's boss at cbs in the early days of the network show?,Movies_TV
do you have an iphone or an android?,SciTech
do you attend many musical concerts?,Art_Event
have you ever seen a movie based on a doctor seuss book before?,Literature
what do you see as some of the benefits of having children homeschooled?,SciTech
do you like comedy?,Movies_TV
what type of books do you like to read?,Music
are you a fan of country music?,Music
do you own a car?,SciTech
have you visited washington dc?,Politics
did you ever watch school house rock?,SciTech
are you particularly interested in travel?,Travel_Geo
do you find the universe interesting?,Literature
do you use youtube much?,Music
do you play any fantasy sports?,Movies_TV
what is your attitude toward canada?,Politics
how do you feel about gofundme?,Psychology
are you a jazz fan?,Phatic
are you a taylor swift fan?,Art_Event
how does this make you feel?,Phatic
what do you think about sports?,Sports
you ever cook a turkey during thanksgiving?,Food_Drink
have you heard about elon musk lately?,Celebrities
do u like wrestling?,Sports
do you  follow the wizards?,Phatic
did you know the emperor of japan is also a scientist and still publishes papers?,SciTech
you ever have a special stuffed animal?,Pets_Animals
do you own any dogs?,Pets_Animals
so mo'nique is boycotting netflix?,Other
at this very moment?,Music
where is the white house located?,Other
do you subscribe to netflix?,SciTech
of people read full terms when buying something on the internet?,SciTech
do you like music?,Music
do you buy from amazon?,Other
did you see crazy rich asians?,Celebrities
do you know what the 5th planet in the solar system is?,SciTech
are you a fan of google or microsoft?,SciTech
are you into country music?,Music
do you read dear amy?,Phatic
do you like traditional dances?,Phatic
do you like taylor swift ?,Celebrities
how often do you wear a hat?,Religion
do you have netflix by chance?,Other
is the library one of your favorite places to go to?,Phatic
did you know that youtube originated with three guys from paypal who later sold the site to google?,SciTech
my friend do you have a netflix account?,SciTech
do you ever shop at target?,Other
what do you think of serena williams?,Celebrities
are you a fan of comic books?,Literature
do you like basketball much?,Sports
do you enjoy cars?,Games
do you like vr games?,Games
how did you like the green lantern movie ?,Movies_TV
are you familiar with tina turner?,Phatic
what broadway play did elaine may star in?,Celebrities
did you happen to watch the nfl pro bowl?,Sports
so do you care how bad russia's economy is or isn't?,Other
do you enjoy watching drama on tv or at the box office?,Movies_TV
you're netflix fan ?,Movies_TV
what do you know about the nfl?,Movies_TV
do you use the internet frequently?,Phatic
do you watch fox news at all?,News
do you like snakes?,Phatic
which planet from the sun is the earth?,SciTech
can you recommend any movies to watch?,Movies_TV
do you like super heroes?,Food_Drink
do you follow the us senate?,Politics
are you a fan of the academy awards?,Art_Event
did you watch the movie titanic?,Movies_TV
did you know amazon was founded back in 1994?,Other
do you enjoy the nfl?,Movies_TV
do you ever watch netflix?,SciTech
what do you think about the orioles and the signing of alex cobb?,Sports
have you ever seen the movie called the incredibles?,Movies_TV
did you know a robot can now be programmed to debone a chicken?,SciTech
are you ready to chat?,Phatic
do you ever go to many concerts?,Art_Event
have you listened to justin timberlake's filthy video?,Movies_TV
do you watch the show fixer upper?,Music
have you ever broken a thumb?,Psychology
do you know who jennifer hudson is?,Music
did you know the presidents guest house is bigger than the white house?,Other
are you a soccer fan?,Sports
have you ever heard of banned books week?,Literature
do you like to go shopping?,Other
did you know that target is over 100 years old?,Other
c area do you agree?,Politics
how often do you watch baseball?,Sports
do you like or watch hockey?,Sports
are you a fan of american football?,Sports
how many star wars films have you seen in the theater?,Movies_TV
do you watch a lot of basketball?,Sports
did you hear theres a theory that there is only one electron in the entire galaxy?,SciTech
do you enjoy traveling?,Phatic
do you go to concerts?,Art_Event
do you enjoy sports?,Sports
are you a follower or fan of lebron james?,Sports
do you have a facebook account by any chance?,SciTech
do you still own a radio?,Music
did you know that the us senate used the same gavel for 165 years?,Politics
do you know much about the president?,Politics
are you into fashion at all?,Fashion
what are your thoughts on pink floyd?,Music
do you subscribe to hbo?,SciTech
did you see the black panther film that was recently in theaters?,Movies_TV
are you a fan of ice hockey?,Sports
do you know any interesting facts about government?,Politics
have you been to any concerts?,Art_Event
are movies your kind of entertainment?,Entertainment
do you like to go to the library?,Travel_Geo
do you like to got to concerts?,Art_Event
do you use google a lot?,SciTech
so i'm betting i can guess but how do you feel about kanye west?,Music
do you have a means of transportation like a car?,SciTech
have you ever had a close encounter with a shark?,Psychology
do you follow global news at all?,News
did you know gop stands for grand ole party?,Art_Event
what do you think about the comments connie chung made?,Celebrities
does it include sorbet?,Food_Drink
do you know what the dodo bird looks like?,Pets_Animals
what do you think of our lovely planet?,SciTech
are you a big fan of sushi?,Food_Drink
do you like watching the drama genre?,Literature
do you listen to the radio often?,Phatic
what's the weather like in the summer where you are?,Weather_Time
do you still have an antique radio?,Movies_TV
do you ever watch dc united play?,Sports
you ever heard of reddit?,Phatic
do you know about and use netflix?,Other
did you hear that new song on the radio today?,Music
do you believe the news media and media in general is biased?,News
what is your favorite football team?,Sports
have you seen the show the romanoffs?,Movies_TV
how often do you watch football?,Sports
what do you think about the white house?,Other
do you think electronic devices are having a negative impact on families?,Psychology
do you like sharks?,Sports
do you know much about planets?,Music
what do you know about the prime minister of the uk?,Politics
do you know much about cinematography?,SciTech
do you like to read comic books?,Literature
did you know that kellan moore is the only left handed quarterback in the nfl ?,Sports
what are your thoughts about this?,Celebrities
did you ever watch sesame street when you were a kid?,Movies_TV
how important do you think it is for a person to vote in elections?,Politics
what do you do online?,SciTech
do you still use the radio?,Music
do you listen to country music?,Music
do you go anywhere for thanksgiving?,Other
do you use television for entertainment?,Entertainment
do you travel much for work or for fun?,Travel_Geo
have you been thinking about the nba lately?,Sports
are you a wizards fan?,Phatic
do you go to concerts often?,Phatic
do you know anything about lacrosse?,Sports
50 million but they turned it down?,Other
do you know anything about the radio?,Music
do you play video games?,Movies_TV
don't you think amber alerts perform a very valuable service in the country?,Politics
ever watch broad city on comedy central?,Movies_TV
do you play the gitaur?,Games
did you know that 80 percent of the earths natural forests have already been destroyed?,SciTech
do you listen to the radio much these days?,Movies_TV
do you think that brett kavanaugh did what he was accused of?,Sports
have you heard of the blossom kite festival?,Art_Event
do you like nintendo?,Music
do you have a netflix account?,SciTech
do you listen to rap music?,Music
are you into soccer much?,Sports
did you know there are about 20 quintillion individual animals on our planet?,Pets_Animals
do you pay particular attention to politics?,Politics
did you ever play a nintendo growing up?,Games
do you watch football?,Sports
did you hear about the cardiologist that was killed in texas?,Politics
do you like amazon?,Other
and we wonder why the patriots are so succesful?,Sports
do you like soccer?,Sports
what is the weather like near you?,Weather_Time
did you know that bruce lee was a great dancer?,Celebrities
have you seen it?,Phatic
do you follow football?,Sports
i suppose you know that there are 32 teams in the nfl?,Sports
do you like astronomy?,Religion
are you afraid of snakes?,Psychology
so apparently this butler guy stole a jersey it seems?,Movies_TV
do you have a kind of shoe that you prefer?,Movies_TV
did you know washington was one of the top 3 richest presdients?,Politics
are you a fan of stand up comedy?,Other
seen any good videos on youtube lately?,SciTech
did you know gop stands for grand old party?,Art_Event
do you go to the library often ?,Phatic
have you heard about the fossilized giant shark tooth that was stolen?,Other
my friend do you have a landline or a cell phone?,SciTech
do you follow politics or current events?,Art_Event
have you seen the incredibles 2?,Movies_TV
what do you think about kanye west?,Music
see anything interesting in the news today?,News
do you know much about us politics?,Politics
do you know what a synetic production is?,Movies_TV
ever have problem with the dust fallout while having your wood floors finished?,Games
are you a big fan of listening to the radio in the car?,SciTech
did you see the patriots game against the bills today?,Games
do you like marvel?,Travel_Geo
do you like swimming ?,Sports
do you like to read ?,Phatic
what do you think about robots?,SciTech
did you watch the logan paul boxing match?,Movies_TV
my friend do you have spotify?,Music
do you use the telephone anymore?,SciTech
are you a fan of boy band bts?,Music
do you listen to drake?,Travel_Geo
do you watch the news and follow politics?,Politics
do you like football ?,Sports
what do you  do for entertainment?,Entertainment
do you use facebook by chance?,SciTech
how do you feel about tom brady?,Travel_Geo
did you know the zimbabwe's president was called president banana?,Politics
how often do you use your phone?,SciTech
did you know the first mcdonalds drive thru didnt come about until 1975?,Food_Drink
do you know of a 30 year old still living with their parents?,Politics
how are doing over there on this fine evening?,Phatic
do you do a lot of reading?,Travel_Geo
did you know that a trunk of a car really used to be a wooden trunk?,SciTech
do you like to watch baseball?,Sports
do you like audiobooks?,Phatic
do you ever watch the oscars?,Art_Event
do you like music albums?,Music
did you know that google has a preference for dogs over cats?,SciTech
did you know in the 50's that a judge wanted to ban a comic book because it had a black character?,Other
are you a you tube fan?,Phatic
what do you think of lebron james?,Sports
you ever been to the phillipines?,Politics
do you like game of thrones?,Games
have you heard about charles krauthammer?,Phatic
do you enjoy magic?,Music
do you follow professional basketball?,Sports
do you like shirts?,Other
are you a fan of celine dion?,Music
have you ever played golf?,Sports
do you ever watch association football aka soccer haha?,Sports
have you used spotify?,Music
have you heard about head coach joanne boyle?,Sports
have you seen black panther?,Other
do you like fashion?,Fashion
do you know who stephen curry is?,Sports
do you watch brooklyn nine nine?,Travel_Geo
what do you enjoy doing for entertainment?,Entertainment
do you know about the different types of football?,Sports
do you enjoy the star wars movies?,Movies_TV
do you enjoy literature?,Art_Event
are you a wrestling fan?,Sports
do you follow baseball?,Sports
are you a fan of video games?,Games
do you follow the nhl?,Sports
did you know who rob gronkowski is?,Sports
of the earth's natural forest have already been destroyed?,SciTech
are you a fan of basketball by any chance?,Sports
what kind of entertainment do you like?,Entertainment
what is your favorite form of entertainment ?,Entertainment
are you a basketball fan ?,Sports
did you know that jazz music originated in new orleans?,Music
do you know what it means to be somali in kenya?,Psychology
what do you think about tom cruise?,Music
did you hear about the death of denis cuspert?,Literature
hear about the girl that was part neandertal and part something else?,Music
do you still listen to the radio?,Music
do you listen to jazz?,Sports
are you a big football fan?,Sports
do you like stephen king movies?,Movies_TV
have you seen the 2018 release of black panther?,Other
when is the last time you went to a concert?,Art_Event
did you know that myspace actually turned down buying facebook back in 2005?,SciTech
are you into college basketball?,Sports
did you hear about the winter advisory that was going on in dc recently?,Weather_Time
do you know where the headquarters of netflix is located?,Other
did you know that jim hanks does all of toms hanks voice acting in video games?,Games
do you like team sports?,Sports
do you know much about animals?,Pets_Animals
did you know that hugh laurie was the highest paid tv actor ever?,Movies_TV
did you know teh emperor of japan is a scientist?,SciTech
would you buy a car at an auction ?,SciTech
do you happen to own an iphone?,SciTech
do you have a pet?,Movies_TV
do you have a favorite album of all time?,Music
have you heard of the redskins before?,Sports
what do you think of the game of baseball?,Sports
do you watch nba?,Sports
which team is your favorite?,Sports
do you have a favorite instrument?,Music
do you have any hobbies?,Other
my friend did you know that astronauts can vote from space?,SciTech
are you particularly interested in sports?,Sports
are you a big netflix watcher?,Phatic
did you know that myspace turned down the opportunity to buy facebook?,SciTech
what are some celebrities that you like?,Celebrities
are you comfortable talking about politics?,Politics
did you know that thomas jefferson created his own version of the bible?,Religion
do you every do any shopping on amazon?,Other
do you play a musical instrument?,Music
did you know the functions of the president is different for each state they are in?,Politics
have you watched the series 13 reasons why?,Psychology
have you seen pictures of ben affleck's back tattoo?,Celebrities
do you like denzel washington?,Politics
do you know much about politics?,Politics
have you ever eaten popcorn with chopsticks?,Food_Drink
do you have any favorite clothing?,Weather_Time
do you have a favorite piece of clothing?,Phatic
what is your favorite car?,SciTech
do you like horses by any chance?,Pets_Animals
do you watch the fifa world cup?,Sports
what do you think of soundtracks?,Music
do you have a favorite superhero?,Music
do you like the simpsons?,Music
people bred chickens for entertainment not for food?,Entertainment
are you a facebook fan?,SciTech
did you hear about the police officer who shot the guy leonard thomas?,Other
do you watch videos on youtube?,SciTech
have you ever read a kate atkinson book before?,Literature
do you like baseball?,Sports
do you play chess?,Games
do you have much interest in nature?,Other
do you know who steve bannon is?,Phatic
are you addicted to clicking  links on the intenet?,SciTech
are you a fan of those star wars movies?,Movies_TV
did you see the black panther movie?,Other
are you a michael jackson fan?,Celebrities
did you know animals are multicellular ekaryotic organisms?,Pets_Animals
do you like to cook?,Travel_Geo
are you a fan of disney films?,Entertainment
you a big stephen king fan by chance?,Literature
do you want to hear some facts about the white house?,Other
did you know that hugh laurie is the highest paid tv actor ever?,Movies_TV
are you a fan of cinematography?,Phatic
are you into animated movies?,Movies_TV
what hobbies do you entertain?,Phatic
did you watch 13 reasons why by chance?,Politics
do you used it?,Phatic
what do you think about bert and ernie?,Music
are you a fan of drake?,Celebrities
do you like baketball?,Sports
do you still happen to still have an antique radio or phone?,Movies_TV
have you heard of the film series star trek?,Movies_TV
did you know the horror film genre has been around for more than a century?,Movies_TV
or interested in the eagles?,Sports
have you heard about the hs teacher in fl who had students help him drown raccoons in class?,SciTech
what did you think about pat conroy?,Literature
what do you think about the criminal justice reform that passed the senate recently?,Politics
do you use siri at all?,SciTech
have you played any model of playstation?,Games
do follow the nfl?,Sports
have you read books about hellen keller?,Other
do you know much about the president or have any interesting facts?,Politics
did you know the sun is the center of the universe?,SciTech
do you watch many baseball games?,Games
do you know many facts about the sun?,SciTech
when do you think christmas begins?,Art_Event
have you ever been in a hurricane?,Weather_Time
did you know that queen's guitarist has a phd in astrophysics?,Music
are you a fan of rap?,Music
do you like animals?,Pets_Animals
my friend you ever watch football on television?,Movies_TV
do you use the radio?,Music
do you like watching any sports?,Sports
do you know 1886 is considered the birth year of the car?,SciTech
are you a fan of the washington redskins football team?,Politics
what do you know about planets?,Music
did you know mcdonalds added a drive thu in 1975?,Food_Drink
do you wath basketball?,Sports
have you watched the fow news channel before?,News
are you into fitness?,Sports
are you a fan of dancing?,Phatic
do you enjoy drama as a genre?,Literature
do you use your computer often?,SciTech
did you know that they develop white patches on their foreheads when they are domesticated?,Other
do you know much about planet earth?,SciTech
do you like facebook?,SciTech
do you have any pets?,Celebrities
do you like trousers ?,Phatic
did you hear that the dutch are creating a commuter bus designed to travel at 160mph ?,Travel_Geo
did you hear about that homeless veteran of war?,Politics
are you a comic book fan?,Literature
75 million dollars to buy facebook?,SciTech
do you follow the ncaa?,Sports
do you like concerts?,Music
do you like fantasy?,Movies_TV
what is the weather like where you are?,Weather_Time
did you know there is a problem with domestic violence in lgbtq families?,Psychology
wow did you know that soccer makes more money than all other popular sports combined ?,Other
do you like to dress up in costumes on halloween?,Art_Event
are you a sports fan at all?,Sports
do you like to listen to the radio?,Music
do you ever watch fox news?,News
are you interested in clothing?,Weather_Time
are you an avid  traveler?,Phatic
are you an avid reader of comic books?,Literature
have you heard about the brouhaha in panama city?,Travel_Geo
have you heard the recent stuff about kavanaugh?,Sports
do you play nintendo games like super smash bros?,Games
did you know with 50 state in the union there are 100 us senators?,Politics
do you know which newspaper charles krauthammer worked for?,Other
have you heard of eddie perfect?,Celebrities
the republican party is really popular in the states do you agree?,Art_Event
do you know much about the government?,Politics
do you like basketball?,Sports
do you like to talk to a complete stranger about your political leanings?,Other
you listen to the radio still?,Music
did you know the 3 horizontal lines on a menu app is called a hamburger button?,Travel_Geo
have you seen a quiet place?,Religion
do you know much about kyle kuzma and lonzo ball?,Other
do you listen to the radio much anymore?,Music
are you a mlb fan?,Sports
do you like shoes ?,Fashion
are you familiar with the 90's?,Phatic
are you a football watcher?,Sports
which is your favorite search engine?,SciTech
infested forests on the way as occurs in india?,Other
how familiar are you with the nba and basketball?,Sports
do you like carmelo anthony?,Sports
have you heard about singer mai khoi?,Music
what sort of tv service did you have growing up?,Movies_TV
do you like linkin park?,Music
do you like traveling and what is the most important thing for you while choosing hotel?,Phatic
what are your thoughs on media?,Psychology
does the fluctuations in the stock market over the past couple of months give you heart attacks?,Art_Event
do you like republicans?,Politics
did you know that the second largest online search engine is actually youtube?,SciTech
do you like to travel?,Travel_Geo
what do you like to do for entertainment?,Entertainment
are you a fan of fashion and clothing?,Fashion
have you been using any streaming services lately?,SciTech
did you know our sun is really white and only appears yellow from our atmosphere?,SciTech
what do you think about the release of that isis member?,Politics
what do you think about the miss america pageant over the years?,Art_Event
do you like google?,SciTech
have you been to any concerts recently?,Art_Event
do you watch hockey?,Sports
what entertainment do you enjoy?,Entertainment
are you a fan of tom hanks movies?,Movies_TV
do you know who derrious guice is?,Phatic
do you like to you facebook much?,SciTech
do you know a lot about cars?,Games
could you live without the internet?,SciTech
do you like chewbacca from star wars?,Phatic
do you ever listen to the radio?,Phatic
how often do you enjoy reading fiction?,Literature
what do you think about golf?,Sports
do you know a lot about the sun and moon?,SciTech
did you know the dutch are creating a bus that can go 160 mph?,Other
do you use google?,SciTech
are you a fan of animals?,Pets_Animals
how do you feel of this?,Phatic
do you like using the internet?,Phatic
pluto has dunes did you know that?,SciTech
did you hear what happened with the legislator from minnesota?,Politics
my friend do you drive cars?,Phatic
un has a degree in physics?,SciTech
do you know about mark e smith?,Sports
do you know much or are you a fan of jazz music?,Music
are you a sports fan?,Sports
do you like basket ball?,Phatic
are you an nba fan?,Sports
are you familiar with george pelecanos?,Phatic
have you seen crazy rich asians?,Movies_TV
have you heard about the caravan coming from central america?,SciTech
z name was shawn carter?,Celebrities
do you listen to albums?,Phatic
do you live in dc?,Politics
did you know that the second largest website is youtube due to the net worth?,SciTech
do you know a lot about the solar system?,SciTech
i love football how about you?,Sports
do you play video games much these days?,Games
ever use the internet for stuff besides turkin it?,SciTech
are you a fan of the nba by chance?,Sports
what do you know about spirituality?,Religion
have you ever played golf before?,Sports
what kind of music do you like?,Music
did you hear about the news from canada?,News
do you like drake the musician?,Music
are you a katy perry fan?,Celebrities
have you ever played call of duty?,Games
do you like the guitar?,Music
do you attend many concerts?,Art_Event
what do you do for entertainment?,Entertainment
do you play any fantasy sport games?,Sports
are you a fan of football at all?,Sports
if you are what is your favorite team?,Sports
did you know there is a company that has robot dogs for sale?,SciTech
do you like to watch drama?,Music
do you watch the nba?,Sports
did you hear a lot of people that star on fox are outraged by the coverage of the immigrants on the news channel they have?,News
do you know what the first cloned animal was?,Pets_Animals
do you use facebook much?,SciTech
do you wear hats at all?,Religion
do you like pixar movies?,Movies_TV
are you familiar with the nfl?,Sports
do you go to the library often?,Phatic
have you seen the movie titanic?,Movies_TV
do you read romance novels?,Literature
are you a big google user?,SciTech
did you watch the last soccer world cup?,Sports
are you a youtube watcher?,Phatic
did you know that we will run out of helium on earth by the end of this century?,SciTech
do you like learning about the universe?,Literature
do you like to watch basketball?,Sports
do you enjoy eating fish or any seafood?,Pets_Animals
do you remember keith hernandez playing for mets?,Art_Event
do you like william shakespere?,Literature
did you watch mr rogers as a child?,Movies_TV
were you a grateful dead fan?,Music
do you know a bertram snyder from maryland?,Travel_Geo
do you watch nba games?,Sports
have you ever invested in digital currency like bitcoin or ethereum?,Other
are you a fox new viewer?,Movies_TV
do you follow the patriots?,Phatic
are you interested in knowing about the earth?,SciTech
do you like dogs?,Pets_Animals
do you know a lot about taxes?,Other
what do you know about the government?,Politics
did you hear about the 300 crocodiles killed in indonesia?,Politics
do you know about the singer ariana grande?,Music
do you know much about the earth?,SciTech
you think uber is safe enough to use autonomous cars yet?,SciTech
do you like nintendo games?,Games
did you watch the victoria secret fashion show?,Fashion
did you know president is a common title for heads of states in most republics?,Politics
and dogs can donate blood at dog blood drives ?,Pets_Animals
what do you think about this incident with officers shooting their guns though windshields?,Politics
do you have a favorite genre of music?,Music
are you comfortable talking about government?,Politics
what's your take on ufos?,Phatic
my friend do you own a car?,SciTech
do you go to concerts much?,Art_Event
have you heard about the super earth?,SciTech
do watch football very often?,Sports
do you know much about the planets?,Music
the rockets or the warriors?,Literature
do you know much about cars?,Games
do you know that trump is not the wealthiest president?,Politics
did you know there is a theory that theres only 1 electron in the whole galaxy?,SciTech
do you enjoy reading?,Travel_Geo
do you know ed sheeran?,Music
have you heard much about the movie 12 strong?,Movies_TV
what are your thought on bill cosby?,Celebrities
do you like guitar?,Music
do you watch basketball at all?,Sports
do you like to observe fishes ?,Pets_Animals
my friend did you know that the guest house is actually bigger than the entire white house?,Other
are you a netflix user?,SciTech
do you ever read the bible?,Religion
do you line dance?,Entertainment
did you know that the space shuttle only used about 1mb of ram?,SciTech
play guitar at all?,Music
do you like netflix?,Phatic
do you like robots?,SciTech
000 to see their child compete in the olympics?,Sports
do you think it is ok for the opposing party to criticize past presidents?,Art_Event
did you know humans have a defective gene and cannot produce our own vitamin c?,SciTech
do you think gaming addiction is a real thing?,Psychology
did you hear that kanye claimed that 400 years of slavery was a choice?,Celebrities
what do you think about the niger protests?,Politics
how often do you read fiction books?,Literature
do you take elvis' music seriously?,Music
would you much of a baseball fan?,Sports
have you seen any of these fifty shades movies?,Movies_TV
do you know many presidential facts?,Phatic
000 years ago ?,Other
are you a fan of pop music?,Music
do you watch much nfl games?,Games
did you know that hugh laurie was the highest paid actor ever on tv?,Movies_TV
do you enjoy conspiracy theory?,Movies_TV
did you know that it's legal in south africa to equip your car with flame throwers in order to prevent car jacking?,SciTech
how was tom brady?,Travel_Geo
did you know that jupiter has storms you can pick up on your am radio?,Phatic
do you use facebook often?,SciTech
so do you have any feelings regarding the epa under the current administration?,Politics
do you like to play golf?,Sports
do you like fleetwood mac?,Music
did you know there is a canadian nba team?,Sports
did you call 911 in your life?,Phatic
do you use google much?,SciTech
how often do you read the bible?,Religion
did you know that bruce lee was a great dancer and won a dancing championship?,Celebrities
have you purchased on the amazon?,Other
do you play golf ?,Sports
do you know much about the us senate?,Politics
did you know that unfortunately eighty percent of earth's naturally occuring forests have been eliminated?,SciTech
do you like to go to a live concert?,Art_Event
do you tom brady from the patriots?,Sports
did you give or get any bad gift's for father's day?,Other
do you listen to rap?,Music
have you seen that new wonder woman movie yet?,Movies_TV
have you ever heard of scott tilley?,Celebrities
do you follow any celebrities?,Celebrities
have you played trap adventure 2?,Games
what team are you a fan of?,Sports
do you consume the news a lot?,News
what do you think about the net worth of kylie jenner?,Celebrities
did you know the 3 horizontal lines on the menu of internet and app are called a hamburger?,SciTech
do you have kids who play soccer?,Sports
you a big nba fan?,Sports
do you like classic rock?,Music
do you know much about quarterbacks?,Movies_TV
are you familiar with the us elected positions like the senate or president?,Politics
are you a fan of standup comedy?,Other
do you think that it was okay for scarlett johansson to play the transgender role?,Movies_TV
are you a fan of musicals?,Art_Event
do you read a lot?,Phatic
have you ever heard of eli manning?,Sports
do you like pop music?,Music
are you a fan of jazz music?,Music
do you like to work out at the gym?,Other
can you imagine spending millions of dollars on suits?,Other
do you know anything about the dance program at duke university?,SciTech
would marty allen be someone you are familiar with?,Phatic
are you a big basketball fan?,Sports
what are your thoughts on the us senate?,Politics
did you know the 3 horizontal line menu on webpages is called a hamburger button?,Travel_Geo
do you use the computer often?,SciTech
do you know much about humans?,SciTech
do you know much about the white house?,Other
do you use the computer a lot?,SciTech
do you like shoes?,Fashion
do you ever buy on amazon?,Other
what is your take on golf and tennis?,Sports
do you enjoy the nba?,Sports
do you like golf?,Sports
do you like baseball ?,Sports
did you see black panther?,Other
have you seen the incredibles 2 yet?,Movies_TV
dd you know the president of indonesia is a pop star?,Politics
are you familiar with the website imdb?,SciTech
did you know the president's guest house is larger than the white house?,Other
are you a hockey fan?,Sports
what do you know about google?,SciTech
are you a fan of disney?,Entertainment
did you know president coolidge had a real electric horse to ride?,Politics
do you follow the nba?,Sports
did you hear about the boy that fell in a drainage pipe and was later rescued?,Literature
do you shop online much?,Other
are you an nba fan or fan of basketball in general?,Sports
do you support dt's campaign of treating our allies like enemies and our enemies like friends?,Politics
do you listen to pandora radio?,Music
would you like to travel up the amazon river?,Other
are you particularly a fan of football?,Sports
do you follow baseball during the season?,Sports
have you ever seen justin timberlake in concert before?,Art_Event
do you know many facts about the presidents?,Movies_TV
do you like wrestling?,Sports
do you get a lot of news from the media?,News
do you know anything about freddy mercury?,Music
have you ever been on a bad date?,Other
do you like coconut oii?,Phatic
did you hear about james a mirrlees death?,Religion
do you have netflix?,Phatic
do you have any questions or thoughts about the sun haha?,SciTech
do you use amazon?,Other
did you know netflix was founded in 1997 by reed hastings and marc randolph?,Other
do you use the word tele or telly instead of television?,Movies_TV
have you heard of or seen performances by the standup comedian natasha leggero?,Other
do you like washington dc?,Politics
do you like to read the harry potter books?,Literature
did you know government officials in ancient athens were appointed by a lottery?,Other
do you follow the us senate at all?,Politics
did you ever listen to 90s rap?,Music
did you watch the super bowl last night?,Sports
do you like or watch baseball?,Sports
do you listen to albums at all?,Music
are you a fan of facebook?,SciTech
are a fan of the nfl?,Sports
did you know the visiting locker room at university of iowa is painted pink?,SciTech
do you know much about world presidents?,Politics
do you know what wikileaks is?,Phatic
do you have a favorite car brand?,Other
did you play any pacman growing up?,Games
have you heard of dierks bentley?,Music
do you follow the presidency?,Phatic
do you like the simpson on tv?,Movies_TV
do you have a favorite nba player?,Sports
do you like disney?,Entertainment
do you watch much football?,Sports
are you a hockey fan of the stars or capitals?,Sports
what brands of cars have you found the most reliable?,SciTech
do you follow soccer at all around the world?,Sports
what is your favorite animal?,Pets_Animals
do you like swimming?,Sports
did you enjoy the harry porrer series?,Literature
what is your favorite sport?,Sports
do you know many facts about governments?,Politics
do you happen to enjoy traveling?,Phatic
do you like to go on road trips by car?,SciTech
what do you know about mold in attics?,Literature
can you believe that woman were not allowed to wear pants in the senate until 1993 ?,Politics
are you interested in cricket?,Sports
have you watched black panther?,Other
have any experience with shakespeare?,Celebrities
do you have much interest in music?,Music
do you follow basketball?,Sports
are you a fan of the nba?,Sports
ever hear of a quarterback?,Phatic
did you know that no woman has ever been nominated for the academy awards for best cinematography?,Art_Event
would you happen to be a football fan?,Sports
do you ever shop at macy's?,Other
do you enjoy dining at interesting restaurants?,Phatic
have any fitness goals for the year?,Sports
do you like hockey?,Sports
are you familiar with david christian's work?,Phatic
did you hear about the otter eating koi from a pond?,Pets_Animals
lacrosse and ice hockey?,Sports
are you a basketball fan?,Sports
do you get many products shipped from amazon?,Other
how many people play association football worldwide?,Sports
do you know much about book banning in schools?,Literature
do you like country music?,Music
do you believe in ufo's?,Religion
do you like dance performances ?,Entertainment
is there any chance that you know much about basketball and the nba?,Sports
can you guess who the top 3 wealthiest presidents are?,Politics
how much do you know about tom brady?,Travel_Geo
do you watch baseball?,Sports
do you use youtube often?,Phatic
do you have a favorite us president?,Politics
what type of shoes do you like?,Fashion
do you like using amazon?,Other
of the band of the fall died at age 60?,Music
did you hear about the rudolph cartoon controversy this last holiday season?,Entertainment
have you ever been to the white house?,Other
did you read about the 6 foot 10 inch tall tennis player?,Sports
what do you think about his comment?,Phatic
do you remember when all of the tvs were black and white?,Other
do you like computers?,SciTech
what do you think about virtual pop and artists?,Music
are you a tennis fan?,Sports
which social media do you use?,Travel_Geo
did you know that bruce lee was actually a great dancer?,Celebrities
do you watch video on youtube?,Movies_TV
do you watch the tv show modern family?,Movies_TV
w or in the past?,Phatic
do you like cinematography?,Phatic
do you go to many live music concerts?,Music
my friend do you like to dance?,Entertainment
have you ever visited the white house?,Other
di you watch the academy awards?,Art_Event
do you know where youtube headquarters is?,Other
do you like summer break?,SciTech
do you watch tennis much?,Games
of the earths forests have been destroyed?,SciTech
do you like cher?,Music
do you know  much about the ancient thinkers?,Other
do you have items of clothing that are your favorite?,Phatic
are you one of the people who is addicted to the internet?,Other
do you know much about governments?,Politics
have you had someone put a lighter near your ear to heal an earache?,Other
what do you think of planet earth?,SciTech
do you prefer siri or alexa?,SciTech
do you know the website wikileaks?,SciTech
what do you think of remakes of movies and cartoons?,Movies_TV
do you like entertainment?,Entertainment
what physical means does the telephone use to transmit sound?,Psychology
do you use rotten tomatoes to get your film ratings?,Movies_TV
did you see the patriots win the superbowl?,Sports
did you know there are no snakes in new zealand?,Travel_Geo
did you hear about the two students who rode their horse to school during no vehicles day and they were suspended?,Pets_Animals
are you a big drinker at all?,Other
do you follow the mlb?,Sports
are you a fan of ariana grande?,Sports
what do you think about the presidential pardon of the turkey at thanks giving ?,Politics
do you follow the show the bachelor?,Movies_TV
do you like drama series?,Literature
do you use movie rating websites?,Movies_TV
do you play fantasy football?,Sports
what's the best concert you've ever been to?,Art_Event
do you drive much?,Music
do you like using youtube?,Phatic
did you ever play with the original nintendo entertainment system?,Entertainment
do you like dance?,Entertainment
what are you thoughs on those addidas officials and the nba agent accused of dreauding colleges?,Sports
do you like the nba?,Sports
do you listen to the radio much?,Music
do you think prisoners should be allowed to read books?,Literature
do you like lacrosse?,Sports
do you think he is doing  ok job?,Other
did you have much interest in last summers fifa world cup?,Sports
my friend did you ever see the movie jaws?,Movies_TV
what do you think about these new age summer camps?,Politics
are you familiar with basketball and the nba?,Sports
do you enjoy the nba by any chance?,Sports
have you read book club or fifty shades of grey?,Other
have you ever tried a dragon's breaths snack?,Food_Drink
time box office star?,Movies_TV
do you know what the best selling album of the 21st century is?,Music
do you have a favorite basketball player?,Sports
do you like batman?,Movies_TV
are you a fan of west world?,Phatic
do you read comics?,Movies_TV
the house with a clock in its walls'?,Weather_Time
did you hear about how infowars was taken off of youtube?,SciTech
did you watch the state of the union address?,Politics
d you like horses?,Pets_Animals
what are your thoughts on elton john?,Art_Event
did you know about the wild birds in australia and their pecularity?,Pets_Animals
do you like cardi b?,Phatic
are you a millennial?,Phatic
are you interested in astronomy?,Religion
what do you think of the educational system in place in this country?,Politics
did you know fox news is provide in 86 countries?,News
do you like to use google?,SciTech
i tried to watch black mirror on netflix have you ever seen it?,Other
do you have a favorite animal?,Pets_Animals
do you follow the nba and the wizards?,Sports
what do you think about the new royal couple prince harry and meghan markle?,Celebrities
do you ever play video games?,Games
do you like hockey ?,Sports
5 million living animal species?,Pets_Animals
so do you go to a lot of concerts?,Art_Event
increase in sales anything to really be proud of?,Other
do you try to buy american as much as possible?,Other
do you like drake's music?,Music
you watch the nba a lot?,Sports
what do you think of exploring mars?,SciTech
what's your favorite football team?,Sports
are you on facebook?,SciTech
do you like jazz music?,Music
have you ever played any sports?,Sports
have you ever heard of australia day?,Phatic
it is amazing how a certain scent can ellict specific memories from throughout your life isn't it?,Psychology
have you heard of the parkland shotting?,SciTech
do you like to swim?,Sports
do you use computers a lot?,SciTech
do you follow college basketball?,Sports
are you a fan of the royal family?,Phatic
you a bryce harper fan by chance?,Sports
do you listen to much radio at all?,Music
do you watch the news?,News
do you like fiction?,Literature
have u heard of the  anaheim ducks ?,Sports
will you be watching the first round of the nba playoffs that begins on april 21st?,Sports
do you follow soccer?,Sports
do you like taylor swift?,Celebrities
are you particularly interested in politics?,Politics
do you enjoy music?,Music
instead of cds or mp3s?,Music
my friend do you watch football at all?,Sports
did you like jason mamoa's role in game of thrones ?,Games
do you watch the world cup when it comes around?,Sports
do you use a computer?,SciTech
do you have a car?,SciTech
you know who ving rhames is?,Celebrities
do you know many facts about superheroes?,Music
do you still go to the library frequently?,Phatic
did you know president obama was an attorney?,Politics
what do you know about the earth?,SciTech
are you a big fan of traveling?,Phatic
do you watch baseball ever?,Sports
what do you think of storm chasing?,Psychology
do you enjoy or watch soccer?,Sports
are you a fan of comedy?,Phatic
it's amazing how well dogs have become a part of the human experience isn't it?,Pets_Animals
do you like the mlb?,Music
so what do you think about home schooling?,SciTech
are you a fan of star wars?,Phatic
did you know that summer was considered a bad time to release a movie?,Movies_TV
what hobbies do you like?,Other
did you watch the super bowl?,Sports
do you know anything about zimbabwe?,Other
do you know much about computers?,SciTech
or the summit meeting?,Art_Event
did you know on a rotary phone 212 is the fastest area code to dial?,SciTech
do you lkike football?,Sports
do you use google or bing?,SciTech
do you think its important to vote?,Politics
do you know who bill bradley is?,Sports
are you a big fan of shopping online like on ebay or amazon?,Other
have you ever been in washington dc ?,Politics
have you read any romance novels before?,Literature
do you like or watch basketball?,Sports
do you know where the caps parade is by chance?,Art_Event
do you use your telephone much?,SciTech
do you consider yourself a basketball fan?,Sports
are you a facebook user?,SciTech
have you seen the white house ?,Other
do you like to play tennis?,Games
big fan of tom brady by chance?,Celebrities
do you use the telephone?,SciTech
or at least his films?,Religion
or have a interest in the game?,Games
do you like to watch football?,Sports
are you a basketball fan at all?,Sports
did you know the car cadillac was named after a french explorer by the same name?,SciTech
do you like watching south park?,Travel_Geo
did you watch the academy awards show?,Art_Event
do you like to wear jeans?,Phatic
are you familiar with football?,Sports
did you watch the pacific rim uprising movie?,Movies_TV
are you a fan of reading?,Literature
do you like ariana grande?,Celebrities
do you ever keep up on what the rollings stones do nowadays?,Religion
do you know many facts about presidents?,Movies_TV
did you hear about actor anton yelchin getting ran over by his own jeep grand cherokee?,Movies_TV
do you know much about celebrities?,Celebrities
have you ever used a rotary phone?,SciTech
did you watch the movie frozen?,Movies_TV
have you heard of the idiots who hung nooses outside the capitol building in mississippi?,Politics
do you enjoy using the internet?,Phatic
so do you know much about casper?,Travel_Geo
what is your favorite movie soundtrack?,Movies_TV
have you been following the mueller investigations?,Politics
are you comfortable talking about the election and voting?,Phatic
do you think that maybe it would be better if our president were just the head of state instead of also the head of government?,Politics
are you a tom brady fan?,Sports
do you watch south park?,Travel_Geo
do you have adog?,Phatic
were you aware that an ancient shark tooth was stolen in ausralia?,Other
do you watch the nba at all?,Sports
do you listen to much music?,Music
my friend do you like football at all?,Sports
did you watch deadpool 2?,Movies_TV
did you know there are cables carrying phone and internet data across the oceans?,SciTech
do you follow baseball or mlb much?,Sports
do you like marvel movies?,Movies_TV
do you like horses?,Pets_Animals
do you play or watch golf much?,Sports
have you ever been to washington dc?,Politics
my friend do you like watching football on tv?,Sports
did you hear about the burglary ring that has been targeting celebrities in los angeles?,Celebrities
are you fan of the nba?,Sports
i wonder if you would consider eating healthy as being sometimes in your perfect day?,Food_Drink
did you know that trump is not among the 3 most wealthiest potus'?,Phatic
are you a soccer or tennis fan?,Sports
are you into cars?,Games
are you a shania twain fan?,Phatic
do you read the bible much?,Religion
green bay packers quarterback?,Sports
do you like basketball or money in basketball?,Sports
do you think that the student's death at university of oregon was due to poor life choices?,SciTech
do you know how to dance?,Entertainment
how familiar are you with football?,Sports
do you use youtube a lot?,Music
what forms of entertainment do you like?,Entertainment
what are your thoughts on quantom computers?,SciTech
do you know the names of the two parts of the legislature in the united states?,Politics
did you realize kim jong un  was born in 1983?,Politics
what hobbies do you have?,Other
do you ever watch basketball?,Sports
are you a fan of the hilarious actor andy samberg?,Movies_TV
are you a chess player?,Games
have you heard any good albums lately?,Music
did you know that drake is canadian?,Celebrities
do you know that cars were invented in 1800's?,Other
are you a fan of literature?,Art_Event
what did you think about kim kardashian west's visit to the white house?,Other
did you hear about the turkey pardon?,Politics
do you use the library?,Travel_Geo
how many nfl teams had a bye in week 11 last year?,Sports
my friend have you ever been to a summit?,Phatic
did you know every president since john adams has lived in the white house?,Other
do you read much poetry?,Literature
do you enjoy comic books?,Literature
did you know the president guest house is bigger than the white house?,Other
are you a big listener of the radio?,Movies_TV
are you into reading?,Travel_Geo
do you know who condoleezza rice is?,Celebrities
do you shop at ll bean?,Phatic
do you like beer?,Celebrities
are you a baseball fan?,Sports
what do you think of a muppet murder mystery?,Movies_TV
you ever play monopoly?,Games
are you interested in rock music at all?,Music
and they only wore black for special occasions?,Other
do you like to watch car races?,SciTech
do you have a dog?,Pets_Animals
are you much of a facebook user?,SciTech
have you ever traveled to asia?,Phatic
how you doing tonight?,Phatic
do you have a favorite football quarterback?,Sports
what kind of shoes do you like?,Fashion
do you know many facts about celebrities?,Celebrities
are you a fan of netflix?,Phatic
do you ever like to dance to music on the radio?,Entertainment
did you know myspace turned down an offer to buy facebook for 75 million in 2005?,SciTech
are you a fan of the nfl?,Sports
have you heard of the genre horror opera?,Music
are you a fan of brent cobb?,Celebrities
have you ever visited washington dc?,Politics
i wonder why they were so happy blake shelton got blocked on the voice?,Music
do you watch fox news?,News
do you follow the news?,News
have you ever heard of xxxtentacion?,Other
do you ever watch nba games?,Sports
are you familiar with the nba?,Sports
do you listen to music much?,Music
you hear anything about nevada days by chance?,Weather_Time
have you seen the movie a star is born yet?,Movies_TV
do you know about celebrities?,Celebrities
do you often get news from facebook?,News
did you hear that amazon pulled out of its decision to build its second headquarters in ny today?,Other
have you ever read neon lion?,Movies_TV
do you follow the republican party?,Art_Event
do you like birds?,Pets_Animals
are you a dog lover?,Pets_Animals
do you read the terms of agreement when buy a product online?,SciTech
are you a fan of superheroes?,Phatic
what sports do you enjoy?,Sports
are you a big fan of music at all?,Music
do you like cats?,Pets_Animals
do you shop online?,Other
did you ever play nintendo?,Games
do you know much about telephones?,Phatic
do you use the telephone much?,SciTech
helo do you like shakespeare's work?,Literature
did you know that netflix makes up 33 percent of all internet bandwidht in north america?,Other
do you listen to the radio anymore?,Music
have you ever been to slovakia?,Phatic
do you follow baseball at all?,Sports
do you know the gop stands for grand old party?,Art_Event
do you watch college football at all?,Sports
did you know there are about 20 quintillion individual animals on planet earth ?,Pets_Animals
did you know that an iphone has more computing power than an entire us nuclear icbm deterrent?,SciTech
do you like fish?,Pets_Animals
did you know there about 20 quintillion individual animals on the planet earth?,Pets_Animals
are you a fan of fifa?,Phatic
do you enjoy jazz music?,Music
do you enjoy going to the library?,Travel_Geo
do you like watching sports?,Sports
how much do you follow national politics?,Politics
what are your thoughts on basketball?,Sports
have you heard of the actress taylor hickson?,Movies_TV
how would you love to have your own home theater and baseball diamond?,Sports
are you a nba fan?,Sports
are you familiar with stephen colbert?,Phatic
do you know much about the sun?,SciTech
my friend do you watch the sport hockey?,Sports
do you like watching the oscars?,Art_Event
did you watch the academy awards this year?,Art_Event
do you have a favorite album?,Music
do you have any interest in fifa?,Sports
do you watch association football?,Sports
do you have an interest in earth and other planets?,SciTech
do you like listening to the radio?,Music
have you been following the nfl playoffs this year?,Sports
do you buy nike products?,Other
are you a fan of kanye west?,Celebrities
how do you feel about google?,SciTech
do you go often?,Music
did you know you can put a flame thrower on your car in south africa?,SciTech
what is your favorite music album?,Music
ever seen that snakes on a plane movie?,Movies_TV
do you watch it?,Phatic
have you ever seen the movie 2001 a space odyssey?,Movies_TV
smith got the rebound with almost no time left and the score tied and he just dribbled out the clock?,Sports
are you a fan of cricket?,Sports
do you follow football at all?,Sports
did you ever read archie comics growing up?,Literature
are you a fan of clothes?,Phatic
do you think facebook is useful for everyone?,SciTech
how good are your horsemanship skills?,Phatic
are you into politics?,Politics
did you know that myspace turned down an offer to buy facebook?,SciTech
had you ever heard of breitbart news?,News
do you listen to classical music?,Music
have you been to union market in dc?,Art_Event
how do you feel about assault rifles?,Politics
have you ever been in the dc area?,Politics
do you have a facebook account?,SciTech
do you know who oscar wilde is?,Art_Event
have you been to hall in springfield mass?,Travel_Geo
do you watch soccer?,Sports
do you like drama?,Music
are you an nba fan ?,Sports
have you ever been to key west?,SciTech
do you have a favorite football team?,Sports
do you like to watch nfl football?,Sports
did you ever see jumanji?,Movies_TV
do you spend much time reading?,Phatic
are you or have you even been into comic books?,Literature
do you attend many concerts these days?,Art_Event
do you enjoy baseball?,Sports
are you a fan of art at all?,Art_Event
do you remember hurricane michael?,Weather_Time
did you see the jay feely pic on twitter?,Celebrities
do you watch many movies in the theaters?,Movies_TV
are you big facebook user?,SciTech
is because it's the fastest number you can dial on an old rotary phone?,SciTech
do you like costumes and uniforms?,Other
what forms of entertainment do you enjoy?,Entertainment
do you like comic books?,Phatic
how much do you know about the earth?,SciTech
do you use amazon much for deliveries?,Other
are you a fan of kate atkinson?,Celebrities
you a big aaron rodgers fan?,Sports
how do you feel about the maga movement?,Other
are you a fan of hockey?,Sports
do you like shopping at target?,Other
do you follow american politics?,Politics
have you ever been on a blind date?,Other
did you ever watch the tv show the sopranos?,Movies_TV
what do you think about drake?,Travel_Geo
are you a fan of cooking and travel shows?,Food_Drink
do you listen to the radio?,Music
did you watch any of the world cup last year?,Sports
have yo heard about tom brady?,Travel_Geo
have you ever heard of the civil rights lawyer michael trister?,Other
are you a rockets fan?,Phatic
did you know that the presidents guest house is bigger than the white house?,Other
do you know much about us senate?,Politics
are you a big fan of attending music concerts?,Music
of people actually read the full tos when buying products and apps online?,SciTech
did you know out of all the 50 states 39 of them has a basketball or football coach as the highest paid state employee?,Sports
ever watch the sopranos?,Movies_TV
even facebook uses it?,SciTech
do you follow tennis?,Phatic
are you a fan of donald glover?,Celebrities
have you seen the next fantastic beasts?,Movies_TV
do you enjoy basketball?,Sports
are you interested in historical fiction?,Literature
are you a fan of elvis presley?,Celebrities
what do you think about john candy's quote about not being the heat but the humidity?,Weather_Time
do you like to watch professional soccer?,Sports
do you follow politics?,Politics
have you ever heard of the rapper 2milly?,Music
what sort of entertainment do you enjoy?,Entertainment
do you think that patty stonesifer is making the right call?,Phatic
do you think tom brady is the goat?,Sports
you like football ?,Sports
were you a fan of chris rock's earlier comedy much or do you think he has a better style in the new tamborine special?,Fashion
do you like wearing costumes?,Phatic
who starred with lady gaga in the new a star is born?,Celebrities
what types of entertainment do you enjoy?,Entertainment
do you shop online ?,Other
do you use facebook?,SciTech
did you know that the president is the head of government?,Politics
do you believe in climate change?,SciTech
what do you think about students in the us studying the bible in school prior to 1963?,SciTech
the supreme leader of north korea?,Politics
do you have any interest in politics?,Politics
do you like college football?,Sports
do you follow college football?,Sports
do you like romeo and juliet?,Celebrities
do you remember when records were hip?,Music
what do you like to do for entertainment to hold your attention and interests?,Entertainment
so how bout them yankees?,Sports
do you shop at target?,Other
do you watch tennis?,Games
do you know golden state warriors?,Sports
theer did you ever play the game monopoly?,Games
are you a fan of dramas?,Phatic
are you a republican or democrat?,Politics
are you a mets fan?,Sports
are you planning to watch the grammys this year?,Art_Event
did you ever shop at the store toys r us?,Other
have you heard about fredie blom?,Celebrities
did you know that the 3 horizontal line menu on apps and websites is called a hamburger button ?,SciTech
did you read that micheal jordan would not endorse a democrat because republicans also buy shoes?,Fashion
do you listen to jazz music?,Music
did you know youtube is the second largest search engine on the net?,SciTech
do you like rapping?,Phatic
do you happen to enjoy pop music?,Music
so what do you think of maria butina appealing to men with guns?,Other
do you listen to a lot of music?,Music
do you like cats or dogs more?,Pets_Animals
are you comfortable talking about the government?,Politics
do you watch game of thrones?,Games
do you like drake?,Travel_Geo
did you know that trump wouldn't qualify as one of the top 3 most wealthy presidents in us history?,Other
are you a fan of the mets?,Sports
did you know socks are one of the most needed items at homeless shelters?,Pets_Animals
do you ever watch the world series?,Sports
are you a kanye west fan?,Phatic
do you like the golden state warriors?,Sports
do you watch espn?,Music
would you be much of a sports fan?,Sports
good morning are you a basketball fan?,Sports
do you watch the game of thrones?,Games
have you watched sesame street?,Movies_TV
do you follow the mls?,Phatic
did you know the hebrew bible is known as tanakh?,Religion
do you know of jennifer hudson?,Music
are you a fan of amazon?,Other
did you set any new year's resolution for the new year?,Phatic
do you play the guitar?,Music
what's your favorite team?,Sports
have you heard about the march for our lives?,Phatic
did you know that prior to 1963 it was common for students to be required to read the bible in school?,Religion
are you a fan of fiction novels?,Literature
are you a music fan?,Music
are you a fan of the drama genre?,Literature
who might be pregnant again?,Celebrities
do you know much about the car?,SciTech
do you watch youtube?,Music
do you watch drama?,Music
do you shop from amazon?,Other
do you use spotify by any chance?,Music
how would you spend your perfect day?,Other
have you seen the new jungle book?,Literature
do you know much about the bible?,Religion
do you like cars?,Games
do you follow football at all these days?,Sports
do you  play fantasy football?,Sports
did you know the sun is actually white?,Other
do you prefer fiction or non fiction stories?,Literature
did you know that the white house has two twin buildings in ireland and france?,Other
what do you like to do for fun or as entertainment?,Entertainment
film starring ryan gosling?,Movies_TV
do you like to garden?,Travel_Geo
do you use your phone much?,Celebrities
do you travel much?,Travel_Geo
are you a star wars fan?,Phatic
do you know much about the senate?,Politics
do you like to play basketball?,Sports
did you ever watch full house?,Movies_TV
do you listen to ej radio?,Phatic
do you watch basketball very often?,Sports
do you know when russia invaded the ukraine?,Politics
did you know that venus is on a tilt and has no seasons?,Movies_TV
did you know that a single google search requires more computing power than it took to send neil armstrong and eleven other astronauts to the moon ?,SciTech
do you like johnny depp?,Celebrities
you a fan of any sports involving hitting balls with sticks?,Sports
do you follow current politics in washington dc?,Politics
do you know that steven spielberg played the clainet for the soundtrack in jaws haha?,Movies_TV
did you hear how george zimmerman was recently charged with stalking?,Politics
do you play call of duty at all?,Movies_TV
are you comedy fan?,Phatic
are you a led zeppelin fan?,Music
have you heard of filmstruck?,Phatic
do you like football?,Sports
do you play or watch golf at all?,Sports
are you interested in the planets?,Music
have you watched the simpsons before?,Movies_TV
have you ever followed the story of the zodiac killer?,Literature
are you an nfl fan?,Sports
do you enjoy jazz?,Sports
how familiar are you with how the internet actually works?,SciTech
do you like the brand nike?,Other
did  you have a myspace account?,SciTech
do you watch modern family?,Movies_TV
are you a fan of the harry potter series?,Literature
are you a reader?,Travel_Geo
are you a fan of ncaa basketball?,Sports
are you a fan of justin bieber or now any interesting things about him?,Celebrities
do you know anything about wayne rooney?,Celebrities
do you often use the computer?,SciTech
do u watch netflix?,SciTech
do you currently own or drive a car?,SciTech
do you like listening to albums?,Phatic
do you like rap or rapping?,Music
so what do you think about kanyes comments?,Celebrities
do you enjoy netflix?,Phatic
basketball is a great sport do you follow it?,Sports
do you like jazz?,Sports
what sort of things do you do to entertain yourself?,Psychology
are you interested in space and the universe?,SciTech
how often do you use your telephone?,Phatic
do you consider yourself a dog or cat person?,Pets_Animals
are you a big american football fan?,Sports
are you a fan of basketball?,Sports
did you know that baseball managers can actually play for their teams if necessary?,Sports
do you like planet earth?,SciTech
do you like reading books?,Phatic
do you subscribe to a print newspaper?,Literature
what did you think about the game between the capitals and the redskins?,Games
did you know there are over 5 billion copies of the bible?,Religion
has it effected you at all?,Other
are you interested at all in the election system?,Politics
are you into social media?,Travel_Geo
do you enjoy concerts?,Art_Event
do you ever watch the bachelorette?,Phatic
do you follow basketball much?,Sports
do you follow the nfl much?,Other
did you know that bruce lee was a talented dancer and won some dancing competitions?,Celebrities
did you know that tom brady was a backup quarterback for his high school team and the team lost every game and did not play him at all?,SciTech
did you follow the winter olimpic games?,Games
are you on facebook by any chance?,SciTech
are you a fan of  country music?,Music
would you be lost with out the the internet?,SciTech
how many strings guitar have?,Music
are you more a fan of gridiron football or soccer?,Sports
do you watch a lot of youtube?,Music
are you into dramas?,Phatic
have you heard of xfl?,Sports
do you know many facts about sharks?,Sports
did you know the dutch are creating a bus that goes 160 mph?,Other
fox news is one of my favorite channels although media can be manipulated did you hear about mary rich and her husband?,News
do you have facebook account?,SciTech
tennis and hockey combined?,Sports
are you an avid reader?,Phatic
did you know that soccer worldwide makes more than all over sports combined?,Sports
do you follow hockey?,Phatic
are you a piano fan?,Phatic
do you ever play fantasy football?,Sports
what team does lebron james play for now?,Sports
do you play many video games?,Games
are you familiar with how youtube works?,SciTech
do you like youtube?,Music
do you know if the length of the day on earth has changed between when the earth was first formed and present?,SciTech
how do you feel about boarder security and the fact families are being separated at the boarder?,Politics
do you like hocky or follow the nhl?,Sports
are you a fan of tv shows like southpark and the simpsons?,Movies_TV
are you a fan of sports?,Sports
do you remember where the 2018 olympics took place?,Sports
did you know that the seahorse is the only fish that is designated to have a neck?,Pets_Animals
do you watch the series daredevil?,Movies_TV
did you hear about the oklahoma quarterback and the heisman trophy he won?,Sports
have you watched silicon valley before?,SciTech
have you ever listented to jazz music?,Music
what kind of genre do you prefer in books?,Literature
do you drive a car?,SciTech
do you like physics?,Phatic
do you know who the highest paid actor is worldwide of all time?,Movies_TV
did you know that cars have now existed for over 150 years?,Other
do you know much about earth?,SciTech
did you know that linkin park played over 300 songs in 2001?,Music
are you a big fan of tom brady?,Phatic
have you seen the original jumanji movie with robin williams?,Movies_TV
do you watch the world series?,Sports
do you know the american tv news are the best?,News
are you a tech person?,SciTech
are you a henry david thoreau fan?,Other
have you watched the show hosted by murphy brown?,Movies_TV
did you know horror movies were originally inspired by literature?,Art_Event
do you know much about robots?,SciTech
did you know the president's guest house is bigger than the white house?,Other
do you like wine?,Phatic
jabbar's dominant use of the dunk got the shot banned from college basketball for over a decade?,Sports
are you much of a hockey fan?,Phatic
do you watch baseball much?,Sports
do you how much about physics?,Other
do you like how lebron james plays?,Sports
did you know ny area code is 212 because its the easiest to dial on the rotarty?,SciTech
do you enjoy driving a car?,SciTech
are you a fan of the rockets or the warriors?,Sports
do you like watching basketball?,Sports
do you follow politics much?,Politics
did you kow the story behind new york's area code?,Literature
are you a nfl fan?,Sports
are you familiar with kanye west?,Music
did you know that kanye west thinks that aids is a disease that was man made?,Celebrities
so do you like cats?,Pets_Animals
do you follow the nfl or the nba?,Sports
do you like watching the white house correspondents dinner?,Other
did you ever see the movie a quiet place?,Movies_TV
do you know anything about astronomy and the planets?,SciTech
do you watch the oscars at all?,Art_Event
what do you think of the movie the incredibles?,Movies_TV
so do you like soccer?,Sports
what do you know about the white house?,Other
did you know that martha stewart was originally a model in the 60's?,Celebrities
do you listen to music?,Music
did you hear about the high school athletes who saved a woman?,SciTech
do you use facebook or myspace ?,SciTech
are you a fan of beyonce'?,Phatic
do you read the bible?,Religion
do you know who john wicks is?,Phatic
do you own a pet snake?,Pets_Animals
do you use or watch youtube?,Music
do you like reading?,Travel_Geo
do you enjoy listening to music albums?,Music
do you know many facts about the earth?,SciTech
are you a fan of technology?,SciTech
did you pay much attention to all the news about prince harry and meghan markle?,News
you ever listen to audiobooks?,Phatic
do you like bill murray?,Sports
how is it going?,Phatic
are you a fan of jazz?,Phatic
did you know the white house is smaller than the guest house?,Other
do you have an android or an iphone?,SciTech
do you watch many videos on youtube?,SciTech
did you know the us senate had a gavel for 165 years?,Politics
are you by chance into classical music?,Music
do you know many facts about computers?,SciTech
did you know the first car patent was in 1886?,SciTech
do you like watching youtube?,Music
did you know in most systems a prime minister is the presiding member and chairman of the cabinet?,Politics
do you go to concerts at all?,Art_Event
have you ever watched the flash on the cw?,Movies_TV
do you enjoy football and the nfl?,Sports
did you know that astronauts can vote when they are in outer space?,SciTech
are you familiar with the academy awards?,Art_Event
do you do your own yard work or use services ?,Other
are you a fan of music?,Music
do you consider yourself a religious millenial?,Religion
did you hear about the recent supreme court ruling?,Politics
do you have amazon prime?,Other
did you know the norweigian government donated money to save the amazon?,Other
do you know the rapper eminem?,Music
do you enjoy travelling?,Phatic
if yes where would you like to go?,Phatic
did you know a prime minister is the head of cabinet and leader of ministers in the executive branch?,Politics
how do you do?,Phatic
are you a fan of youtube?,SciTech
do you like to read?,Phatic
do you listen to the radio still?,Music
have you ever tried making your own clothing?,Other
have you ever read a wrinkle in time?,Literature
what type of entertainment do you enjoy?,Entertainment
do you like lebron?,Sports
do you like rap music?,Music
have you heard of nils lofgren?,Celebrities
did you happen to see bad times at the el royale?,Other
did you know that a creed concert was so horrible that people filed a lawsuit against them?,Art_Event
do you like tennis?,Games
do you know much about clothing?,Weather_Time
do you ever watch any politics?,Politics
have you heard of doug harey?,Movies_TV
do you enjoy using the internet often?,Phatic
did you watch johnny english strikes again?,Movies_TV
what are your favorite animals?,Pets_Animals
are you a fan of the horror genre?,Music
do you like to travel much?,Travel_Geo
what do you enjoy watching?,Phatic
did you know that basketball actually banned the dunk for over a decade?,Sports
i wonder how long a performance of just the highlights of wagner's ring cycle would be?,Movies_TV
did you know that the car was invented by karl benz?,SciTech
do you know much about the presidents?,Politics
do you use youtube?,Music
are you familiar with the show goosebumps 2 for kids?,Movies_TV
do you watch the academy awards?,Art_Event
what do you think about the nfl week 5 tips?,Sports
do you like pianos?,Music
what hobbies do you enjoy?,Other
did you watch the oscars?,Art_Event
bought anything good on amazon lately?,Other
do you watch animated movies?,Movies_TV
have you read questions to miss manners?,Phatic
are you a westworld fan?,Phatic
are you familiar with the nfl and football?,Sports
do you follow the stock market much?,Art_Event
what do you think of the sun?,SciTech
do you happen to enjoy dramas?,Psychology
my friend do you play the piano?,Music
do you watch dramas?,Phatic
are you a fan of the redskins?,Sports
have you ever had pet fish?,Pets_Animals
do you know why one might wear a hat?,Religion
are you a religious person?,Religion
have you seen the viral photo of a six year old who was comforting his dying sister?,Celebrities
have you ever met someone famous?,Celebrities
my friend do you have amazon prime?,Other
how familiar are you with the hunting and gathering culture people used to have?,Psychology
do you often use youtube or facebook?,SciTech
did you know that the norwegian governemtn donated a billion dollars to help the amazon rainforest?,Other
do you follow celebrities?,Religion
do you many facts about the earth?,SciTech
who was your favorite president so far?,Politics
have you heard of the boy who came back from heaven?,Religion
did you know an am radio can pick up jupiters radio storms?,Movies_TV
which city is home to netflix?,Other
are you a marvel fan?,Phatic
are you a fan of jazz by any chance?,Phatic
did you know that jfk was one of the wealthiest us presidents?,Politics
have you ever seen the tv show barry on hbo?,Movies_TV
do you enjoy football?,Sports
have you listened to any good albums lately?,Music
do you happen to enjoy basketball?,Sports
do you know many facts about the universe?,Literature
do you know any facts about netflix?,Other
do you like travel?,Travel_Geo
what do you think about the tweet the russian embassy posted?,SciTech
do you like to dance at all?,Entertainment
did you know tom brady's jv team never started him despite not winning a game?,Sports
do you used facebook?,SciTech
did you know that the romans thought that wearing pants was a sign of being barbaric?,Other
did you hear that someone decided to brand a wine after the women on handmaid's tale?,Other
do you like the drama genre?,Literature
has your luggage ever been lost?,Phatic
are you a fan of rap music?,Music
did you ever play with a nintendo?,Games
do you shop online at all?,Other
do you like watching football?,Sports
do you like poetry?,Literature
do you know many facts about the government?,Politics
do you know about the situation from the supreme court?,Politics
have you heard that one of the chicago cubs have an employed pitcher with 6 fingers?,Sports
did you know that the dodo bird is actually closely related to the pigeon?,Pets_Animals
do you think parents should be allowed to keep their kids from doing state required testing?,SciTech
do you know much about tesla?,SciTech
have you ever played the board game monopoly?,Games
how much do you know about the sun?,SciTech
do you ever watch the nba?,Sports
did you know that the white house has twin buildings in ireland and france ?,Other
how do you like planet earth?,SciTech
are you a fan of the star wars franchise?,Movies_TV
do you use amazon prime?,Other
do you read stephen king books?,Literature
did you know daniel day lewis is the only actor to win best actor at the oscars 3 different times?,Movies_TV
do you enjoy watching sports?,Sports
do you still have cable tv or did you cut the cord?,Movies_TV
are you having a good day?,Phatic
do you follow astrology or place any faith in it?,Religion
do you watch dancing with the stars?,Music
that paul manafort is quite the character don't you think?,Phatic
did you know that hugh laurie is the highest paid actor ever for a tv drama?,Movies_TV
did you know that freshwater fish drink water through their skin through osmosis and saltwater fish drink water through their mouths?,Pets_Animals
do you follow us politics?,Politics
do you use amazon much?,Other
do you like korean pop?,Music
are you a fan of dc comics?,Literature
do you like dancing?,Music
are you a johnny depp fan?,Celebrities
are you familiar with native american books?,Literature
my friend do youlike watching youtube?,SciTech
what do you enjoy for entertainment?,Entertainment
of the earth's natural forests are destroyed already?,SciTech
football or basketball ?,Sports
do you watch daredevil?,Movies_TV
do you like the travel?,Travel_Geo
do you ever read comics?,Literature
do you like watching netflix?,Phatic
are you interested particularly in politics?,Politics
do you ever play basketball?,Sports
do you enjoy music and dancing?,Music
are you interested in politics at all?,Politics
do you watch nfl games?,Games
hows it going do you like the nba?,Sports
did you know that linkin park did over 300 concerts in 2001?,Art_Event
do you like shakespeare?,Celebrities
do you have an interest in planets?,SciTech
do you agree with the kavanaugh nomination?,Politics
are you a lady gaga fan?,Celebrities
do you follow politics at all?,Politics
are you a follower of tennis?,Sports
have you ever been to dc?,Other
